year,type,product_type,values
1980,Total Manufacturing,"Food, Beverage & Tobacco",2177.9
1980,Total Manufacturing,Textiles,432.7
1980,Total Manufacturing,Wearing Apparel,932.6
1980,Total Manufacturing,"Leather, Leather Products & Footwear",115.3
1980,Total Manufacturing,Wood & Wood Products,806.4
1980,Total Manufacturing,Paper & Paper Products,300.3
1980,Total Manufacturing,Printing & Reproduction Of Recorded Media,570.4
1980,Total Manufacturing,Refined Petroleum Products,11695.1
1980,Total Manufacturing,Chemicals & Chemical Products,703.8
1980,Total Manufacturing,Pharmaceutical & Biological Products,285.7
1980,Total Manufacturing,Rubber & Plastic Products,653.9
1980,Total Manufacturing,Non-metallic Mineral Products,691.9
1980,Total Manufacturing,Basic Metal,527.8
1980,Total Manufacturing,Fabricated Metal Products,1249.9
1980,Total Manufacturing,"Computer, Electronic & Optical Products",5488.4
1980,Total Manufacturing,Electrical Equipment,981.7
1980,Total Manufacturing,Machinery & Equipment,2031
1980,Total Manufacturing,"Motor Vehicles, Trailers & Semi-trailers",132.5
1980,Total Manufacturing,Other Transport Equipment,1955
1980,Total Manufacturing,Furniture,287.8
1980,Total Manufacturing,Other Manufacturing Industries,459
1981,Total Manufacturing,"Food, Beverage & Tobacco",2312.8
1981,Total Manufacturing,Textiles,388.6
1981,Total Manufacturing,Wearing Apparel,978.5
1981,Total Manufacturing,"Leather, Leather Products & Footwear",120.8
1981,Total Manufacturing,Wood & Wood Products,678.1
1981,Total Manufacturing,Paper & Paper Products,336.2
1981,Total Manufacturing,Printing & Reproduction Of Recorded Media,689.4
1981,Total Manufacturing,Refined Petroleum Products,14598.1
1981,Total Manufacturing,Chemicals & Chemical Products,790.2
1981,Total Manufacturing,Pharmaceutical & Biological Products,302.1
1981,Total Manufacturing,Rubber & Plastic Products,684
1981,Total Manufacturing,Non-metallic Mineral Products,942.8
1981,Total Manufacturing,Basic Metal,471.2
1981,Total Manufacturing,Fabricated Metal Products,1460.6
1981,Total Manufacturing,"Computer, Electronic & Optical Products",5714.9
1981,Total Manufacturing,Electrical Equipment,1066.2
1981,Total Manufacturing,Machinery & Equipment,2979.3
1981,Total Manufacturing,"Motor Vehicles, Trailers & Semi-trailers",84
1981,Total Manufacturing,Other Transport Equipment,2184.2
1981,Total Manufacturing,Furniture,352.6
1981,Total Manufacturing,Other Manufacturing Industries,518.8
1982,Total Manufacturing,"Food, Beverage & Tobacco",2482.9
1982,Total Manufacturing,Textiles,297.8
1982,Total Manufacturing,Wearing Apparel,976.5
1982,Total Manufacturing,"Leather, Leather Products & Footwear",109.4
1982,Total Manufacturing,Wood & Wood Products,563
1982,Total Manufacturing,Paper & Paper Products,359.8
1982,Total Manufacturing,Printing & Reproduction Of Recorded Media,742.3
1982,Total Manufacturing,Refined Petroleum Products,14741.2
1982,Total Manufacturing,Chemicals & Chemical Products,852.5
1982,Total Manufacturing,Pharmaceutical & Biological Products,317.5
1982,Total Manufacturing,Rubber & Plastic Products,652.2
1982,Total Manufacturing,Non-metallic Mineral Products,1124.9
1982,Total Manufacturing,Basic Metal,509.7
1982,Total Manufacturing,Fabricated Metal Products,1572.8
1982,Total Manufacturing,"Computer, Electronic & Optical Products",5116.8
1982,Total Manufacturing,Electrical Equipment,1006.7
1982,Total Manufacturing,Machinery & Equipment,3016.9
1982,Total Manufacturing,"Motor Vehicles, Trailers & Semi-trailers",88.3
1982,Total Manufacturing,Other Transport Equipment,2022.2
1982,Total Manufacturing,Furniture,335.8
1982,Total Manufacturing,Other Manufacturing Industries,462.2
1983,Total Manufacturing,"Food, Beverage & Tobacco",2580
1983,Total Manufacturing,Textiles,253
1983,Total Manufacturing,Wearing Apparel,984.1
1983,Total Manufacturing,"Leather, Leather Products & Footwear",106
1983,Total Manufacturing,Wood & Wood Products,499.2
1983,Total Manufacturing,Paper & Paper Products,374.6
1983,Total Manufacturing,Printing & Reproduction Of Recorded Media,846.5
1983,Total Manufacturing,Refined Petroleum Products,13270.5
1983,Total Manufacturing,Chemicals & Chemical Products,981.4
1983,Total Manufacturing,Pharmaceutical & Biological Products,402.7
1983,Total Manufacturing,Rubber & Plastic Products,707.6
1983,Total Manufacturing,Non-metallic Mineral Products,1446.5
1983,Total Manufacturing,Basic Metal,486.1
1983,Total Manufacturing,Fabricated Metal Products,1740.3
1983,Total Manufacturing,"Computer, Electronic & Optical Products",7012.1
1983,Total Manufacturing,Electrical Equipment,1190.7
1983,Total Manufacturing,Machinery & Equipment,2519.9
1983,Total Manufacturing,"Motor Vehicles, Trailers & Semi-trailers",83.3
1983,Total Manufacturing,Other Transport Equipment,1825.1
1983,Total Manufacturing,Furniture,344.2
1983,Total Manufacturing,Other Manufacturing Industries,530.4
1984,Total Manufacturing,"Food, Beverage & Tobacco",2868.9
1984,Total Manufacturing,Textiles,228.1
1984,Total Manufacturing,Wearing Apparel,1139.4
1984,Total Manufacturing,"Leather, Leather Products & Footwear",105.8
1984,Total Manufacturing,Wood & Wood Products,422.9
1984,Total Manufacturing,Paper & Paper Products,411.9
1984,Total Manufacturing,Printing & Reproduction Of Recorded Media,959.7
1984,Total Manufacturing,Refined Petroleum Products,12528.2
1984,Total Manufacturing,Chemicals & Chemical Products,1759.3
1984,Total Manufacturing,Pharmaceutical & Biological Products,538.5
1984,Total Manufacturing,Rubber & Plastic Products,804
1984,Total Manufacturing,Non-metallic Mineral Products,1326.2
1984,Total Manufacturing,Basic Metal,536.4
1984,Total Manufacturing,Fabricated Metal Products,1829.8
1984,Total Manufacturing,"Computer, Electronic & Optical Products",9692
1984,Total Manufacturing,Electrical Equipment,1403.3
1984,Total Manufacturing,Machinery & Equipment,2516
1984,Total Manufacturing,"Motor Vehicles, Trailers & Semi-trailers",85.9
1984,Total Manufacturing,Other Transport Equipment,1903.5
1984,Total Manufacturing,Furniture,411.9
1984,Total Manufacturing,Other Manufacturing Industries,591.4
1985,Total Manufacturing,"Food, Beverage & Tobacco",2941.4
1985,Total Manufacturing,Textiles,186.8
1985,Total Manufacturing,Wearing Apparel,1076.8
1985,Total Manufacturing,"Leather, Leather Products & Footwear",80.9
1985,Total Manufacturing,Wood & Wood Products,359.4
1985,Total Manufacturing,Paper & Paper Products,426.2
1985,Total Manufacturing,Printing & Reproduction Of Recorded Media,936.2
1985,Total Manufacturing,Refined Petroleum Products,11109.5
1985,Total Manufacturing,Chemicals & Chemical Products,2193.5
1985,Total Manufacturing,Pharmaceutical & Biological Products,509.2
1985,Total Manufacturing,Rubber & Plastic Products,722.2
1985,Total Manufacturing,Non-metallic Mineral Products,1049.6
1985,Total Manufacturing,Basic Metal,572
1985,Total Manufacturing,Fabricated Metal Products,1634
1985,Total Manufacturing,"Computer, Electronic & Optical Products",9281.5
1985,Total Manufacturing,Electrical Equipment,1255.4
1985,Total Manufacturing,Machinery & Equipment,2252
1985,Total Manufacturing,"Motor Vehicles, Trailers & Semi-trailers",84.7
1985,Total Manufacturing,Other Transport Equipment,1732.6
1985,Total Manufacturing,Furniture,411.6
1985,Total Manufacturing,Other Manufacturing Industries,539.6
1986,Total Manufacturing,"Food, Beverage & Tobacco",2883
1986,Total Manufacturing,Textiles,226.7
1986,Total Manufacturing,Wearing Apparel,1290
1986,Total Manufacturing,"Leather, Leather Products & Footwear",78
1986,Total Manufacturing,Wood & Wood Products,318.3
1986,Total Manufacturing,Paper & Paper Products,456.5
1986,Total Manufacturing,Printing & Reproduction Of Recorded Media,995.2
1986,Total Manufacturing,Refined Petroleum Products,7087.4
1986,Total Manufacturing,Chemicals & Chemical Products,2252.8
1986,Total Manufacturing,Pharmaceutical & Biological Products,694.5
1986,Total Manufacturing,Rubber & Plastic Products,725.8
1986,Total Manufacturing,Non-metallic Mineral Products,897.3
1986,Total Manufacturing,Basic Metal,626.8
1986,Total Manufacturing,Fabricated Metal Products,1741.2
1986,Total Manufacturing,"Computer, Electronic & Optical Products",11602.5
1986,Total Manufacturing,Electrical Equipment,1352.5
1986,Total Manufacturing,Machinery & Equipment,2130.3
1986,Total Manufacturing,"Motor Vehicles, Trailers & Semi-trailers",68.6
1986,Total Manufacturing,Other Transport Equipment,1763.2
1986,Total Manufacturing,Furniture,397.3
1986,Total Manufacturing,Other Manufacturing Industries,639.4
1987,Total Manufacturing,"Food, Beverage & Tobacco",2584
1987,Total Manufacturing,Textiles,299.7
1987,Total Manufacturing,Wearing Apparel,1617.1
1987,Total Manufacturing,"Leather, Leather Products & Footwear",86.8
1987,Total Manufacturing,Wood & Wood Products,351.2
1987,Total Manufacturing,Paper & Paper Products,617
1987,Total Manufacturing,Printing & Reproduction Of Recorded Media,1164.6
1987,Total Manufacturing,Refined Petroleum Products,7599.3
1987,Total Manufacturing,Chemicals & Chemical Products,3022.4
1987,Total Manufacturing,Pharmaceutical & Biological Products,808.8
1987,Total Manufacturing,Rubber & Plastic Products,986.2
1987,Total Manufacturing,Non-metallic Mineral Products,769
1987,Total Manufacturing,Basic Metal,550.3
1987,Total Manufacturing,Fabricated Metal Products,2170.1
1987,Total Manufacturing,"Computer, Electronic & Optical Products",16882.2
1987,Total Manufacturing,Electrical Equipment,1702.6
1987,Total Manufacturing,Machinery & Equipment,2589.3
1987,Total Manufacturing,"Motor Vehicles, Trailers & Semi-trailers",59.9
1987,Total Manufacturing,Other Transport Equipment,2076.2
1987,Total Manufacturing,Furniture,426.4
1987,Total Manufacturing,Other Manufacturing Industries,887.3
1988,Total Manufacturing,"Food, Beverage & Tobacco",2908.4
1988,Total Manufacturing,Textiles,341.5
1988,Total Manufacturing,Wearing Apparel,1761.9
1988,Total Manufacturing,"Leather, Leather Products & Footwear",111
1988,Total Manufacturing,Wood & Wood Products,426.4
1988,Total Manufacturing,Paper & Paper Products,729.9
1988,Total Manufacturing,Printing & Reproduction Of Recorded Media,1378.6
1988,Total Manufacturing,Refined Petroleum Products,7780.6
1988,Total Manufacturing,Chemicals & Chemical Products,4072.3
1988,Total Manufacturing,Pharmaceutical & Biological Products,863.1
1988,Total Manufacturing,Rubber & Plastic Products,1407.6
1988,Total Manufacturing,Non-metallic Mineral Products,764.2
1988,Total Manufacturing,Basic Metal,635.3
1988,Total Manufacturing,Fabricated Metal Products,2842.6
1988,Total Manufacturing,"Computer, Electronic & Optical Products",22052.3
1988,Total Manufacturing,Electrical Equipment,2011.7
1988,Total Manufacturing,Machinery & Equipment,3372.9
1988,Total Manufacturing,"Motor Vehicles, Trailers & Semi-trailers",96.6
1988,Total Manufacturing,Other Transport Equipment,2690.1
1988,Total Manufacturing,Furniture,531.1
1988,Total Manufacturing,Other Manufacturing Industries,1068.2
1989,Total Manufacturing,"Food, Beverage & Tobacco",3144.7
1989,Total Manufacturing,Textiles,368.5
1989,Total Manufacturing,Wearing Apparel,1879.3
1989,Total Manufacturing,"Leather, Leather Products & Footwear",117.1
1989,Total Manufacturing,Wood & Wood Products,428.1
1989,Total Manufacturing,Paper & Paper Products,783.4
1989,Total Manufacturing,Printing & Reproduction Of Recorded Media,1602.2
1989,Total Manufacturing,Refined Petroleum Products,8980.7
1989,Total Manufacturing,Chemicals & Chemical Products,3984.9
1989,Total Manufacturing,Pharmaceutical & Biological Products,964.5
1989,Total Manufacturing,Rubber & Plastic Products,1560.2
1989,Total Manufacturing,Non-metallic Mineral Products,960.5
1989,Total Manufacturing,Basic Metal,715.7
1989,Total Manufacturing,Fabricated Metal Products,3343.6
1989,Total Manufacturing,"Computer, Electronic & Optical Products",25381.8
1989,Total Manufacturing,Electrical Equipment,2317
1989,Total Manufacturing,Machinery & Equipment,3990.6
1989,Total Manufacturing,"Motor Vehicles, Trailers & Semi-trailers",93.7
1989,Total Manufacturing,Other Transport Equipment,3126.8
1989,Total Manufacturing,Furniture,553.2
1989,Total Manufacturing,Other Manufacturing Industries,1075.1
1990,Total Manufacturing,"Food, Beverage & Tobacco",2995.8
1990,Total Manufacturing,Textiles,370.4
1990,Total Manufacturing,Wearing Apparel,1822.8
1990,Total Manufacturing,"Leather, Leather Products & Footwear",113.4
1990,Total Manufacturing,Wood & Wood Products,378.8
1990,Total Manufacturing,Paper & Paper Products,841.2
1990,Total Manufacturing,Printing & Reproduction Of Recorded Media,1791.9
1990,Total Manufacturing,Refined Petroleum Products,11597
1990,Total Manufacturing,Chemicals & Chemical Products,4266.1
1990,Total Manufacturing,Pharmaceutical & Biological Products,1015.2
1990,Total Manufacturing,Rubber & Plastic Products,1630.2
1990,Total Manufacturing,Non-metallic Mineral Products,1160.2
1990,Total Manufacturing,Basic Metal,794.3
1990,Total Manufacturing,Fabricated Metal Products,3597.7
1990,Total Manufacturing,"Computer, Electronic & Optical Products",28778.6
1990,Total Manufacturing,Electrical Equipment,2195
1990,Total Manufacturing,Machinery & Equipment,4280.5
1990,Total Manufacturing,"Motor Vehicles, Trailers & Semi-trailers",105
1990,Total Manufacturing,Other Transport Equipment,3785.6
1990,Total Manufacturing,Furniture,587.8
1990,Total Manufacturing,Other Manufacturing Industries,1202.1
1991,Total Manufacturing,"Food, Beverage & Tobacco",3125.6
1991,Total Manufacturing,Textiles,379
1991,Total Manufacturing,Wearing Apparel,1858.9
1991,Total Manufacturing,"Leather, Leather Products & Footwear",121.3
1991,Total Manufacturing,Wood & Wood Products,326.9
1991,Total Manufacturing,Paper & Paper Products,910.8
1991,Total Manufacturing,Printing & Reproduction Of Recorded Media,2013.9
1991,Total Manufacturing,Refined Petroleum Products,11385.5
1991,Total Manufacturing,Chemicals & Chemical Products,4239.3
1991,Total Manufacturing,Pharmaceutical & Biological Products,1462.8
1991,Total Manufacturing,Rubber & Plastic Products,1832.6
1991,Total Manufacturing,Non-metallic Mineral Products,1461.9
1991,Total Manufacturing,Basic Metal,731.1
1991,Total Manufacturing,Fabricated Metal Products,4007.6
1991,Total Manufacturing,"Computer, Electronic & Optical Products",29973.5
1991,Total Manufacturing,Electrical Equipment,2414.2
1991,Total Manufacturing,Machinery & Equipment,4527.3
1991,Total Manufacturing,"Motor Vehicles, Trailers & Semi-trailers",114.5
1991,Total Manufacturing,Other Transport Equipment,4006.2
1991,Total Manufacturing,Furniture,580.2
1991,Total Manufacturing,Other Manufacturing Industries,1197.2
1992,Total Manufacturing,"Food, Beverage & Tobacco",3168.1
1992,Total Manufacturing,Textiles,362.4
1992,Total Manufacturing,Wearing Apparel,1753.5
1992,Total Manufacturing,"Leather, Leather Products & Footwear",128
1992,Total Manufacturing,Wood & Wood Products,323
1992,Total Manufacturing,Paper & Paper Products,852.1
1992,Total Manufacturing,Printing & Reproduction Of Recorded Media,2229.4
1992,Total Manufacturing,Refined Petroleum Products,10410.2
1992,Total Manufacturing,Chemicals & Chemical Products,3881.3
1992,Total Manufacturing,Pharmaceutical & Biological Products,1370.5
1992,Total Manufacturing,Rubber & Plastic Products,1823.8
1992,Total Manufacturing,Non-metallic Mineral Products,1630
1992,Total Manufacturing,Basic Metal,721.2
1992,Total Manufacturing,Fabricated Metal Products,4286.3
1992,Total Manufacturing,"Computer, Electronic & Optical Products",33055.7
1992,Total Manufacturing,Electrical Equipment,2385.4
1992,Total Manufacturing,Machinery & Equipment,4593.5
1992,Total Manufacturing,"Motor Vehicles, Trailers & Semi-trailers",118.3
1992,Total Manufacturing,Other Transport Equipment,4484.8
1992,Total Manufacturing,Furniture,608.4
1992,Total Manufacturing,Other Manufacturing Industries,1179.3
1993,Total Manufacturing,"Food, Beverage & Tobacco",3366.7
1993,Total Manufacturing,Textiles,339
1993,Total Manufacturing,Wearing Apparel,1430.2
1993,Total Manufacturing,"Leather, Leather Products & Footwear",126.7
1993,Total Manufacturing,Wood & Wood Products,315.8
1993,Total Manufacturing,Paper & Paper Products,910.5
1993,Total Manufacturing,Printing & Reproduction Of Recorded Media,2416
1993,Total Manufacturing,Refined Petroleum Products,11298.7
1993,Total Manufacturing,Chemicals & Chemical Products,4013.9
1993,Total Manufacturing,Pharmaceutical & Biological Products,1430.1
1993,Total Manufacturing,Rubber & Plastic Products,2093.6
1993,Total Manufacturing,Non-metallic Mineral Products,1896.2
1993,Total Manufacturing,Basic Metal,744.3
1993,Total Manufacturing,Fabricated Metal Products,4815.3
1993,Total Manufacturing,"Computer, Electronic & Optical Products",40966.7
1993,Total Manufacturing,Electrical Equipment,2527.1
1993,Total Manufacturing,Machinery & Equipment,4504.1
1993,Total Manufacturing,"Motor Vehicles, Trailers & Semi-trailers",136.1
1993,Total Manufacturing,Other Transport Equipment,4758
1993,Total Manufacturing,Furniture,702.4
1993,Total Manufacturing,Other Manufacturing Industries,1282.8
1994,Total Manufacturing,"Food, Beverage & Tobacco",3693.3
1994,Total Manufacturing,Textiles,304.3
1994,Total Manufacturing,Wearing Apparel,1307.4
1994,Total Manufacturing,"Leather, Leather Products & Footwear",126.1
1994,Total Manufacturing,Wood & Wood Products,303.7
1994,Total Manufacturing,Paper & Paper Products,1007.7
1994,Total Manufacturing,Printing & Reproduction Of Recorded Media,2514.7
1994,Total Manufacturing,Refined Petroleum Products,11066.5
1994,Total Manufacturing,Chemicals & Chemical Products,4933.2
1994,Total Manufacturing,Pharmaceutical & Biological Products,1333.1
1994,Total Manufacturing,Rubber & Plastic Products,2368.5
1994,Total Manufacturing,Non-metallic Mineral Products,2085.4
1994,Total Manufacturing,Basic Metal,731.8
1994,Total Manufacturing,Fabricated Metal Products,5780.3
1994,Total Manufacturing,"Computer, Electronic & Optical Products",50420.9
1994,Total Manufacturing,Electrical Equipment,2993.1
1994,Total Manufacturing,Machinery & Equipment,5133.1
1994,Total Manufacturing,"Motor Vehicles, Trailers & Semi-trailers",127.3
1994,Total Manufacturing,Other Transport Equipment,5217.5
1994,Total Manufacturing,Furniture,713.8
1994,Total Manufacturing,Other Manufacturing Industries,1466.4
1995,Total Manufacturing,"Food, Beverage & Tobacco",3877
1995,Total Manufacturing,Textiles,288.2
1995,Total Manufacturing,Wearing Apparel,1056.2
1995,Total Manufacturing,"Leather, Leather Products & Footwear",122.8
1995,Total Manufacturing,Wood & Wood Products,307.6
1995,Total Manufacturing,Paper & Paper Products,1117.9
1995,Total Manufacturing,Printing & Reproduction Of Recorded Media,2738.6
1995,Total Manufacturing,Refined Petroleum Products,10930
1995,Total Manufacturing,Chemicals & Chemical Products,5894
1995,Total Manufacturing,Pharmaceutical & Biological Products,1343.7
1995,Total Manufacturing,Rubber & Plastic Products,2687.6
1995,Total Manufacturing,Non-metallic Mineral Products,2154.6
1995,Total Manufacturing,Basic Metal,683.9
1995,Total Manufacturing,Fabricated Metal Products,6496.9
1995,Total Manufacturing,"Computer, Electronic & Optical Products",59715.4
1995,Total Manufacturing,Electrical Equipment,3483.8
1995,Total Manufacturing,Machinery & Equipment,6124.6
1995,Total Manufacturing,"Motor Vehicles, Trailers & Semi-trailers",150.1
1995,Total Manufacturing,Other Transport Equipment,5255.2
1995,Total Manufacturing,Furniture,692.7
1995,Total Manufacturing,Other Manufacturing Industries,1420
1996,Total Manufacturing,"Food, Beverage & Tobacco",3958.3
1996,Total Manufacturing,Textiles,237.2
1996,Total Manufacturing,Wearing Apparel,877.9
1996,Total Manufacturing,"Leather, Leather Products & Footwear",116.9
1996,Total Manufacturing,Wood & Wood Products,283.3
1996,Total Manufacturing,Paper & Paper Products,1065.3
1996,Total Manufacturing,Printing & Reproduction Of Recorded Media,2834.1
1996,Total Manufacturing,Refined Petroleum Products,13934.2
1996,Total Manufacturing,Chemicals & Chemical Products,5846.8
1996,Total Manufacturing,Pharmaceutical & Biological Products,1702.2
1996,Total Manufacturing,Rubber & Plastic Products,2717.9
1996,Total Manufacturing,Non-metallic Mineral Products,2472.7
1996,Total Manufacturing,Basic Metal,655.7
1996,Total Manufacturing,Fabricated Metal Products,6516.7
1996,Total Manufacturing,"Computer, Electronic & Optical Products",62974.6
1996,Total Manufacturing,Electrical Equipment,3215.7
1996,Total Manufacturing,Machinery & Equipment,6509.7
1996,Total Manufacturing,"Motor Vehicles, Trailers & Semi-trailers",147.4
1996,Total Manufacturing,Other Transport Equipment,5054.5
1996,Total Manufacturing,Furniture,677
1996,Total Manufacturing,Other Manufacturing Industries,1357.2
1997,Total Manufacturing,"Food, Beverage & Tobacco",4097.2
1997,Total Manufacturing,Textiles,247.4
1997,Total Manufacturing,Wearing Apparel,865.7
1997,Total Manufacturing,"Leather, Leather Products & Footwear",158.7
1997,Total Manufacturing,Wood & Wood Products,306.7
1997,Total Manufacturing,Paper & Paper Products,1006.2
1997,Total Manufacturing,Printing & Reproduction Of Recorded Media,2886.1
1997,Total Manufacturing,Refined Petroleum Products,14888.1
1997,Total Manufacturing,Chemicals & Chemical Products,7978.8
1997,Total Manufacturing,Pharmaceutical & Biological Products,1807.3
1997,Total Manufacturing,Rubber & Plastic Products,2772.3
1997,Total Manufacturing,Non-metallic Mineral Products,2755.7
1997,Total Manufacturing,Basic Metal,673.3
1997,Total Manufacturing,Fabricated Metal Products,6751.7
1997,Total Manufacturing,"Computer, Electronic & Optical Products",65005.6
1997,Total Manufacturing,Electrical Equipment,3186.8
1997,Total Manufacturing,Machinery & Equipment,7058.3
1997,Total Manufacturing,"Motor Vehicles, Trailers & Semi-trailers",147.8
1997,Total Manufacturing,Other Transport Equipment,5355.9
1997,Total Manufacturing,Furniture,712.6
1997,Total Manufacturing,Other Manufacturing Industries,1406
1998,Total Manufacturing,"Food, Beverage & Tobacco",3798.5
1998,Total Manufacturing,Textiles,250.5
1998,Total Manufacturing,Wearing Apparel,861.9
1998,Total Manufacturing,"Leather, Leather Products & Footwear",138.5
1998,Total Manufacturing,Wood & Wood Products,318.5
1998,Total Manufacturing,Paper & Paper Products,880.3
1998,Total Manufacturing,Printing & Reproduction Of Recorded Media,2781.3
1998,Total Manufacturing,Refined Petroleum Products,13216.9
1998,Total Manufacturing,Chemicals & Chemical Products,7756.1
1998,Total Manufacturing,Pharmaceutical & Biological Products,2860.4
1998,Total Manufacturing,Rubber & Plastic Products,2541.6
1998,Total Manufacturing,Non-metallic Mineral Products,2206.7
1998,Total Manufacturing,Basic Metal,566.8
1998,Total Manufacturing,Fabricated Metal Products,6597.7
1998,Total Manufacturing,"Computer, Electronic & Optical Products",63248.4
1998,Total Manufacturing,Electrical Equipment,2578.4
1998,Total Manufacturing,Machinery & Equipment,6400.3
1998,Total Manufacturing,"Motor Vehicles, Trailers & Semi-trailers",124.1
1998,Total Manufacturing,Other Transport Equipment,5943.6
1998,Total Manufacturing,Furniture,631.6
1998,Total Manufacturing,Other Manufacturing Industries,1525
1999,Total Manufacturing,"Food, Beverage & Tobacco",3784.4
1999,Total Manufacturing,Textiles,232.8
1999,Total Manufacturing,Wearing Apparel,886.2
1999,Total Manufacturing,"Leather, Leather Products & Footwear",169.1
1999,Total Manufacturing,Wood & Wood Products,264.1
1999,Total Manufacturing,Paper & Paper Products,876.4
1999,Total Manufacturing,Printing & Reproduction Of Recorded Media,2750.7
1999,Total Manufacturing,Refined Petroleum Products,14124.5
1999,Total Manufacturing,Chemicals & Chemical Products,9521.2
1999,Total Manufacturing,Pharmaceutical & Biological Products,4960.1
1999,Total Manufacturing,Rubber & Plastic Products,2781.3
1999,Total Manufacturing,Non-metallic Mineral Products,1739.7
1999,Total Manufacturing,Basic Metal,557.5
1999,Total Manufacturing,Fabricated Metal Products,6689.3
1999,Total Manufacturing,"Computer, Electronic & Optical Products",71494.5
1999,Total Manufacturing,Electrical Equipment,2345.3
1999,Total Manufacturing,Machinery & Equipment,6167.8
1999,Total Manufacturing,"Motor Vehicles, Trailers & Semi-trailers",198.2
1999,Total Manufacturing,Other Transport Equipment,5884.2
1999,Total Manufacturing,Furniture,576.9
1999,Total Manufacturing,Other Manufacturing Industries,1538.3
2000,Total Manufacturing,"Food, Beverage & Tobacco",3750.9
2000,Total Manufacturing,Textiles,275.8
2000,Total Manufacturing,Wearing Apparel,1094.2
2000,Total Manufacturing,"Leather, Leather Products & Footwear",208.6
2000,Total Manufacturing,Wood & Wood Products,293.5
2000,Total Manufacturing,Paper & Paper Products,876.8
2000,Total Manufacturing,Printing & Reproduction Of Recorded Media,3078.3
2000,Total Manufacturing,Refined Petroleum Products,20096.5
2000,Total Manufacturing,Chemicals & Chemical Products,11682.1
2000,Total Manufacturing,Pharmaceutical & Biological Products,4841.5
2000,Total Manufacturing,Rubber & Plastic Products,3461.3
2000,Total Manufacturing,Non-metallic Mineral Products,1692.2
2000,Total Manufacturing,Basic Metal,503.9
2000,Total Manufacturing,Fabricated Metal Products,7510.3
2000,Total Manufacturing,"Computer, Electronic & Optical Products",86297.8
2000,Total Manufacturing,Electrical Equipment,2559.9
2000,Total Manufacturing,Machinery & Equipment,7610.1
2000,Total Manufacturing,"Motor Vehicles, Trailers & Semi-trailers",240.2
2000,Total Manufacturing,Other Transport Equipment,5872.2
2000,Total Manufacturing,Furniture,663.5
2000,Total Manufacturing,Other Manufacturing Industries,1769.1
2001,Total Manufacturing,"Food, Beverage & Tobacco",3821.9
2001,Total Manufacturing,Textiles,262.5
2001,Total Manufacturing,Wearing Apparel,859.7
2001,Total Manufacturing,"Leather, Leather Products & Footwear",192.9
2001,Total Manufacturing,Wood & Wood Products,255.4
2001,Total Manufacturing,Paper & Paper Products,816.7
2001,Total Manufacturing,Printing & Reproduction Of Recorded Media,2782
2001,Total Manufacturing,Refined Petroleum Products,18271.7
2001,Total Manufacturing,Chemicals & Chemical Products,11735.6
2001,Total Manufacturing,Pharmaceutical & Biological Products,5119.2
2001,Total Manufacturing,Rubber & Plastic Products,2785.2
2001,Total Manufacturing,Non-metallic Mineral Products,1311.1
2001,Total Manufacturing,Basic Metal,509
2001,Total Manufacturing,Fabricated Metal Products,6342.9
2001,Total Manufacturing,"Computer, Electronic & Optical Products",64880.2
2001,Total Manufacturing,Electrical Equipment,2172.8
2001,Total Manufacturing,Machinery & Equipment,7047.8
2001,Total Manufacturing,"Motor Vehicles, Trailers & Semi-trailers",195.7
2001,Total Manufacturing,Other Transport Equipment,7224.5
2001,Total Manufacturing,Furniture,600.6
2001,Total Manufacturing,Other Manufacturing Industries,1912.6
2002,Total Manufacturing,"Food, Beverage & Tobacco",4357.2
2002,Total Manufacturing,Textiles,225.6
2002,Total Manufacturing,Wearing Apparel,882.6
2002,Total Manufacturing,"Leather, Leather Products & Footwear",191.4
2002,Total Manufacturing,Wood & Wood Products,268.3
2002,Total Manufacturing,Paper & Paper Products,880.1
2002,Total Manufacturing,Printing & Reproduction Of Recorded Media,2666.5
2002,Total Manufacturing,Refined Petroleum Products,18419.6
2002,Total Manufacturing,Chemicals & Chemical Products,14292.9
2002,Total Manufacturing,Pharmaceutical & Biological Products,8063.7
2002,Total Manufacturing,Rubber & Plastic Products,2980.1
2002,Total Manufacturing,Non-metallic Mineral Products,1416.1
2002,Total Manufacturing,Basic Metal,570.7
2002,Total Manufacturing,Fabricated Metal Products,6692.9
2002,Total Manufacturing,"Computer, Electronic & Optical Products",64663.4
2002,Total Manufacturing,Electrical Equipment,2049.1
2002,Total Manufacturing,Machinery & Equipment,8059.4
2002,Total Manufacturing,"Motor Vehicles, Trailers & Semi-trailers",209.7
2002,Total Manufacturing,Other Transport Equipment,8114.6
2002,Total Manufacturing,Furniture,725.1
2002,Total Manufacturing,Other Manufacturing Industries,2347.5
2003,Total Manufacturing,"Food, Beverage & Tobacco",4286.2
2003,Total Manufacturing,Textiles,250.7
2003,Total Manufacturing,Wearing Apparel,859.2
2003,Total Manufacturing,"Leather, Leather Products & Footwear",208.6
2003,Total Manufacturing,Wood & Wood Products,260.1
2003,Total Manufacturing,Paper & Paper Products,891.5
2003,Total Manufacturing,Printing & Reproduction Of Recorded Media,2722.9
2003,Total Manufacturing,Refined Petroleum Products,21981.3
2003,Total Manufacturing,Chemicals & Chemical Products,18354.3
2003,Total Manufacturing,Pharmaceutical & Biological Products,10089
2003,Total Manufacturing,Rubber & Plastic Products,2872.4
2003,Total Manufacturing,Non-metallic Mineral Products,1397.9
2003,Total Manufacturing,Basic Metal,510.5
2003,Total Manufacturing,Fabricated Metal Products,6656
2003,Total Manufacturing,"Computer, Electronic & Optical Products",66338.4
2003,Total Manufacturing,Electrical Equipment,1984.5
2003,Total Manufacturing,Machinery & Equipment,8226.6
2003,Total Manufacturing,"Motor Vehicles, Trailers & Semi-trailers",896
2003,Total Manufacturing,Other Transport Equipment,7660.9
2003,Total Manufacturing,Furniture,665.8
2003,Total Manufacturing,Other Manufacturing Industries,2379.5
2004,Total Manufacturing,"Food, Beverage & Tobacco",5135.9
2004,Total Manufacturing,Textiles,229.7
2004,Total Manufacturing,Wearing Apparel,881
2004,Total Manufacturing,"Leather, Leather Products & Footwear",213.5
2004,Total Manufacturing,Wood & Wood Products,282.9
2004,Total Manufacturing,Paper & Paper Products,927.7
2004,Total Manufacturing,Printing & Reproduction Of Recorded Media,2737.3
2004,Total Manufacturing,Refined Petroleum Products,28275.3
2004,Total Manufacturing,Chemicals & Chemical Products,24265.5
2004,Total Manufacturing,Pharmaceutical & Biological Products,15380.9
2004,Total Manufacturing,Rubber & Plastic Products,2857.8
2004,Total Manufacturing,Non-metallic Mineral Products,1461.4
2004,Total Manufacturing,Basic Metal,764
2004,Total Manufacturing,Fabricated Metal Products,7435.6
2004,Total Manufacturing,"Computer, Electronic & Optical Products",76839.9
2004,Total Manufacturing,Electrical Equipment,2426.3
2004,Total Manufacturing,Machinery & Equipment,9881.2
2004,Total Manufacturing,"Motor Vehicles, Trailers & Semi-trailers",827
2004,Total Manufacturing,Other Transport Equipment,8956
2004,Total Manufacturing,Furniture,629.8
2004,Total Manufacturing,Other Manufacturing Industries,2115.5
2005,Total Manufacturing,"Food, Beverage & Tobacco",5517.4
2005,Total Manufacturing,Textiles,213.5
2005,Total Manufacturing,Wearing Apparel,684.5
2005,Total Manufacturing,"Leather, Leather Products & Footwear",216.5
2005,Total Manufacturing,Wood & Wood Products,269.4
2005,Total Manufacturing,Paper & Paper Products,1013.4
2005,Total Manufacturing,Printing & Reproduction Of Recorded Media,2836.8
2005,Total Manufacturing,Refined Petroleum Products,40307.2
2005,Total Manufacturing,Chemicals & Chemical Products,27058.3
2005,Total Manufacturing,Pharmaceutical & Biological Products,15865.3
2005,Total Manufacturing,Rubber & Plastic Products,2859.9
2005,Total Manufacturing,Non-metallic Mineral Products,1363.2
2005,Total Manufacturing,Basic Metal,1023.2
2005,Total Manufacturing,Fabricated Metal Products,7734.6
2005,Total Manufacturing,"Computer, Electronic & Optical Products",82243
2005,Total Manufacturing,Electrical Equipment,2570.9
2005,Total Manufacturing,Machinery & Equipment,11850.3
2005,Total Manufacturing,"Motor Vehicles, Trailers & Semi-trailers",796.8
2005,Total Manufacturing,Other Transport Equipment,10742.9
2005,Total Manufacturing,Furniture,598.6
2005,Total Manufacturing,Other Manufacturing Industries,2383.1
2006,Total Manufacturing,"Food, Beverage & Tobacco",5760.1
2006,Total Manufacturing,Textiles,168.6
2006,Total Manufacturing,Wearing Apparel,586.7
2006,Total Manufacturing,"Leather, Leather Products & Footwear",239.4
2006,Total Manufacturing,Wood & Wood Products,279.3
2006,Total Manufacturing,Paper & Paper Products,1003.8
2006,Total Manufacturing,Printing & Reproduction Of Recorded Media,2974.3
2006,Total Manufacturing,Refined Petroleum Products,46118.4
2006,Total Manufacturing,Chemicals & Chemical Products,32437.9
2006,Total Manufacturing,Pharmaceutical & Biological Products,21093
2006,Total Manufacturing,Rubber & Plastic Products,2965.1
2006,Total Manufacturing,Non-metallic Mineral Products,1492.9
2006,Total Manufacturing,Basic Metal,1234.4
2006,Total Manufacturing,Fabricated Metal Products,8742.5
2006,Total Manufacturing,"Computer, Electronic & Optical Products",79316.1
2006,Total Manufacturing,Electrical Equipment,2953
2006,Total Manufacturing,Machinery & Equipment,14270.1
2006,Total Manufacturing,"Motor Vehicles, Trailers & Semi-trailers",847.5
2006,Total Manufacturing,Other Transport Equipment,13633.6
2006,Total Manufacturing,Furniture,564.4
2006,Total Manufacturing,Other Manufacturing Industries,2424.6
2007,Total Manufacturing,"Food, Beverage & Tobacco",6286.7
2007,Total Manufacturing,Textiles,143.2
2007,Total Manufacturing,Wearing Apparel,730.1
2007,Total Manufacturing,"Leather, Leather Products & Footwear",247.3
2007,Total Manufacturing,Wood & Wood Products,258.8
2007,Total Manufacturing,Paper & Paper Products,1053.3
2007,Total Manufacturing,Printing & Reproduction Of Recorded Media,3028.3
2007,Total Manufacturing,Refined Petroleum Products,48047
2007,Total Manufacturing,Chemicals & Chemical Products,35457.3
2007,Total Manufacturing,Pharmaceutical & Biological Products,20838.3
2007,Total Manufacturing,Rubber & Plastic Products,2678.3
2007,Total Manufacturing,Non-metallic Mineral Products,1938.9
2007,Total Manufacturing,Basic Metal,1368.6
2007,Total Manufacturing,Fabricated Metal Products,9176.5
2007,Total Manufacturing,"Computer, Electronic & Optical Products",82247.4
2007,Total Manufacturing,Electrical Equipment,3161.4
2007,Total Manufacturing,Machinery & Equipment,19028.6
2007,Total Manufacturing,"Motor Vehicles, Trailers & Semi-trailers",795
2007,Total Manufacturing,Other Transport Equipment,14271.7
2007,Total Manufacturing,Furniture,621.3
2007,Total Manufacturing,Other Manufacturing Industries,3293.5
2008,Total Manufacturing,"Food, Beverage & Tobacco",7692.8
2008,Total Manufacturing,Textiles,145.1
2008,Total Manufacturing,Wearing Apparel,565.2
2008,Total Manufacturing,"Leather, Leather Products & Footwear",212.5
2008,Total Manufacturing,Wood & Wood Products,290.9
2008,Total Manufacturing,Paper & Paper Products,1100.1
2008,Total Manufacturing,Printing & Reproduction Of Recorded Media,3094.4
2008,Total Manufacturing,Refined Petroleum Products,59950.8
2008,Total Manufacturing,Chemicals & Chemical Products,35044.4
2008,Total Manufacturing,Pharmaceutical & Biological Products,17168.8
2008,Total Manufacturing,Rubber & Plastic Products,2518.5
2008,Total Manufacturing,Non-metallic Mineral Products,2196.1
2008,Total Manufacturing,Basic Metal,1705.8
2008,Total Manufacturing,Fabricated Metal Products,9831.9
2008,Total Manufacturing,"Computer, Electronic & Optical Products",78352.5
2008,Total Manufacturing,Electrical Equipment,3298
2008,Total Manufacturing,Machinery & Equipment,20461.1
2008,Total Manufacturing,"Motor Vehicles, Trailers & Semi-trailers",650.8
2008,Total Manufacturing,Other Transport Equipment,16481
2008,Total Manufacturing,Furniture,837
2008,Total Manufacturing,Other Manufacturing Industries,3408.4
2009,Total Manufacturing,"Food, Beverage & Tobacco",7735.7
2009,Total Manufacturing,Textiles,91.6
2009,Total Manufacturing,Wearing Apparel,677.2
2009,Total Manufacturing,"Leather, Leather Products & Footwear",89.7
2009,Total Manufacturing,Wood & Wood Products,268.7
2009,Total Manufacturing,Paper & Paper Products,1018
2009,Total Manufacturing,Printing & Reproduction Of Recorded Media,2623
2009,Total Manufacturing,Refined Petroleum Products,35388.5
2009,Total Manufacturing,Chemicals & Chemical Products,27781.3
2009,Total Manufacturing,Pharmaceutical & Biological Products,17078.7
2009,Total Manufacturing,Rubber & Plastic Products,2134.9
2009,Total Manufacturing,Non-metallic Mineral Products,2027.6
2009,Total Manufacturing,Basic Metal,1027.9
2009,Total Manufacturing,Fabricated Metal Products,9041.8
2009,Total Manufacturing,"Computer, Electronic & Optical Products",77978.3
2009,Total Manufacturing,Electrical Equipment,2712.3
2009,Total Manufacturing,Machinery & Equipment,19000.2
2009,Total Manufacturing,"Motor Vehicles, Trailers & Semi-trailers",578.3
2009,Total Manufacturing,Other Transport Equipment,15698.4
2009,Total Manufacturing,Furniture,1037.8
2009,Total Manufacturing,Other Manufacturing Industries,3718.3
2010,Total Manufacturing,"Food, Beverage & Tobacco",8472.3
2010,Total Manufacturing,Textiles,54.1
2010,Total Manufacturing,Wearing Apparel,613.6
2010,Total Manufacturing,"Leather, Leather Products & Footwear",99.7
2010,Total Manufacturing,Wood & Wood Products,245.3
2010,Total Manufacturing,Paper & Paper Products,1129
2010,Total Manufacturing,Printing & Reproduction Of Recorded Media,2676.4
2010,Total Manufacturing,Refined Petroleum Products,42325.9
2010,Total Manufacturing,Chemicals & Chemical Products,38230.6
2010,Total Manufacturing,Pharmaceutical & Biological Products,18061.1
2010,Total Manufacturing,Rubber & Plastic Products,2360.4
2010,Total Manufacturing,Non-metallic Mineral Products,1880.5
2010,Total Manufacturing,Basic Metal,1158.8
2010,Total Manufacturing,Fabricated Metal Products,9332.4
2010,Total Manufacturing,"Computer, Electronic & Optical Products",101827.6
2010,Total Manufacturing,Electrical Equipment,2524.4
2010,Total Manufacturing,Machinery & Equipment,21710.8
2010,Total Manufacturing,"Motor Vehicles, Trailers & Semi-trailers",723.1
2010,Total Manufacturing,Other Transport Equipment,15333.7
2010,Total Manufacturing,Furniture,1116.1
2010,Total Manufacturing,Other Manufacturing Industries,4527.5
2011,Total Manufacturing,"Food, Beverage & Tobacco",9626.8
2011,Total Manufacturing,Textiles,65.9
2011,Total Manufacturing,Wearing Apparel,629.7
2011,Total Manufacturing,"Leather, Leather Products & Footwear",137.6
2011,Total Manufacturing,Wood & Wood Products,248.3
2011,Total Manufacturing,Paper & Paper Products,1085.2
2011,Total Manufacturing,Printing & Reproduction Of Recorded Media,2677.4
2011,Total Manufacturing,Refined Petroleum Products,55968.7
2011,Total Manufacturing,Chemicals & Chemical Products,42723.8
2011,Total Manufacturing,Pharmaceutical & Biological Products,21618.9
2011,Total Manufacturing,Rubber & Plastic Products,2189
2011,Total Manufacturing,Non-metallic Mineral Products,2138.7
2011,Total Manufacturing,Basic Metal,1329.8
2011,Total Manufacturing,Fabricated Metal Products,9468.1
2011,Total Manufacturing,"Computer, Electronic & Optical Products",95066.6
2011,Total Manufacturing,Electrical Equipment,2515.5
2011,Total Manufacturing,Machinery & Equipment,25553.5
2011,Total Manufacturing,"Motor Vehicles, Trailers & Semi-trailers",780.8
2011,Total Manufacturing,Other Transport Equipment,15495.7
2011,Total Manufacturing,Furniture,1092.2
2011,Total Manufacturing,Other Manufacturing Industries,5117
2012,Total Manufacturing,"Food, Beverage & Tobacco",9817.9
2012,Total Manufacturing,Textiles,59.4
2012,Total Manufacturing,Wearing Apparel,573.9
2012,Total Manufacturing,"Leather, Leather Products & Footwear",157.9
2012,Total Manufacturing,Wood & Wood Products,339.1
2012,Total Manufacturing,Paper & Paper Products,1041.5
2012,Total Manufacturing,Printing & Reproduction Of Recorded Media,2467.4
2012,Total Manufacturing,Refined Petroleum Products,57229.4
2012,Total Manufacturing,Chemicals & Chemical Products,41121.1
2012,Total Manufacturing,Pharmaceutical & Biological Products,25121.1
2012,Total Manufacturing,Rubber & Plastic Products,2061.8
2012,Total Manufacturing,Non-metallic Mineral Products,2500.9
2012,Total Manufacturing,Basic Metal,1255.2
2012,Total Manufacturing,Fabricated Metal Products,9822.9
2012,Total Manufacturing,"Computer, Electronic & Optical Products",91861.8
2012,Total Manufacturing,Electrical Equipment,2661.5
2012,Total Manufacturing,Machinery & Equipment,28403.5
2012,Total Manufacturing,"Motor Vehicles, Trailers & Semi-trailers",808.6
2012,Total Manufacturing,Other Transport Equipment,17135.8
2012,Total Manufacturing,Furniture,1010.6
2012,Total Manufacturing,Other Manufacturing Industries,6099.4
2013,Total Manufacturing,"Food, Beverage & Tobacco",9811
2013,Total Manufacturing,Textiles,61.6
2013,Total Manufacturing,Wearing Apparel,478.1
2013,Total Manufacturing,"Leather, Leather Products & Footwear",171.1
2013,Total Manufacturing,Wood & Wood Products,349.4
2013,Total Manufacturing,Paper & Paper Products,1103.8
2013,Total Manufacturing,Printing & Reproduction Of Recorded Media,2352.4
2013,Total Manufacturing,Refined Petroleum Products,51027
2013,Total Manufacturing,Chemicals & Chemical Products,50019.7
2013,Total Manufacturing,Pharmaceutical & Biological Products,16920.2
2013,Total Manufacturing,Rubber & Plastic Products,2020.2
2013,Total Manufacturing,Non-metallic Mineral Products,2630.6
2013,Total Manufacturing,Basic Metal,1044.9
2013,Total Manufacturing,Fabricated Metal Products,9639.6
2013,Total Manufacturing,"Computer, Electronic & Optical Products",93938.2
2013,Total Manufacturing,Electrical Equipment,2666.4
2013,Total Manufacturing,Machinery & Equipment,28987.1
2013,Total Manufacturing,"Motor Vehicles, Trailers & Semi-trailers",1021.7
2013,Total Manufacturing,Other Transport Equipment,17557.3
2013,Total Manufacturing,Furniture,1300.5
2013,Total Manufacturing,Other Manufacturing Industries,6522.9
2014,Total Manufacturing,"Food, Beverage & Tobacco",10352
2014,Total Manufacturing,Textiles,50.4
2014,Total Manufacturing,Wearing Apparel,353.7
2014,Total Manufacturing,"Leather, Leather Products & Footwear",159.2
2014,Total Manufacturing,Wood & Wood Products,367.4
2014,Total Manufacturing,Paper & Paper Products,1143.1
2014,Total Manufacturing,Printing & Reproduction Of Recorded Media,2376.6
2014,Total Manufacturing,Refined Petroleum Products,46359.5
2014,Total Manufacturing,Chemicals & Chemical Products,55340.4
2014,Total Manufacturing,Pharmaceutical & Biological Products,16891.3
2014,Total Manufacturing,Rubber & Plastic Products,2011.2
2014,Total Manufacturing,Non-metallic Mineral Products,2168.2
2014,Total Manufacturing,Basic Metal,1387.4
2014,Total Manufacturing,Fabricated Metal Products,9653.7
2014,Total Manufacturing,"Computer, Electronic & Optical Products",89463.6
2014,Total Manufacturing,Electrical Equipment,2768.5
2014,Total Manufacturing,Machinery & Equipment,33905.2
2014,Total Manufacturing,"Motor Vehicles, Trailers & Semi-trailers",1089.2
2014,Total Manufacturing,Other Transport Equipment,17554.6
2014,Total Manufacturing,Furniture,968.9
2014,Total Manufacturing,Other Manufacturing Industries,12277.8
2015,Total Manufacturing,"Food, Beverage & Tobacco",10598.5
2015,Total Manufacturing,Textiles,53.5
2015,Total Manufacturing,Wearing Apparel,259.1
2015,Total Manufacturing,"Leather, Leather Products & Footwear",167.1
2015,Total Manufacturing,Wood & Wood Products,348.9
2015,Total Manufacturing,Paper & Paper Products,1123.8
2015,Total Manufacturing,Printing & Reproduction Of Recorded Media,2251.2
2015,Total Manufacturing,Refined Petroleum Products,32482.8
2015,Total Manufacturing,Chemicals & Chemical Products,44916.5
2015,Total Manufacturing,Pharmaceutical & Biological Products,16721.2
2015,Total Manufacturing,Rubber & Plastic Products,1857.1
2015,Total Manufacturing,Non-metallic Mineral Products,2121.4
2015,Total Manufacturing,Basic Metal,1161.5
2015,Total Manufacturing,Fabricated Metal Products,8920.4
2015,Total Manufacturing,"Computer, Electronic & Optical Products",98625.4
2015,Total Manufacturing,Electrical Equipment,2712.9
2015,Total Manufacturing,Machinery & Equipment,30561.1
2015,Total Manufacturing,"Motor Vehicles, Trailers & Semi-trailers",1178.6
2015,Total Manufacturing,Other Transport Equipment,16637.2
2015,Total Manufacturing,Furniture,917.4
2015,Total Manufacturing,Other Manufacturing Industries,11075.6
2016,Total Manufacturing,"Food, Beverage & Tobacco",10322.9
2016,Total Manufacturing,Textiles,51.3
2016,Total Manufacturing,Wearing Apparel,236.7
2016,Total Manufacturing,"Leather, Leather Products & Footwear",138.5
2016,Total Manufacturing,Wood & Wood Products,319.4
2016,Total Manufacturing,Paper & Paper Products,1105.2
2016,Total Manufacturing,Printing & Reproduction Of Recorded Media,1931.3
2016,Total Manufacturing,Refined Petroleum Products,25478
2016,Total Manufacturing,Chemicals & Chemical Products,40104.2
2016,Total Manufacturing,Pharmaceutical & Biological Products,18281.2
2016,Total Manufacturing,Rubber & Plastic Products,1744.1
2016,Total Manufacturing,Non-metallic Mineral Products,1764.8
2016,Total Manufacturing,Basic Metal,1003
2016,Total Manufacturing,Fabricated Metal Products,8219.6
2016,Total Manufacturing,"Computer, Electronic & Optical Products",99253.2
2016,Total Manufacturing,Electrical Equipment,2660.9
2016,Total Manufacturing,Machinery & Equipment,27057.7
2016,Total Manufacturing,"Motor Vehicles, Trailers & Semi-trailers",1225.5
2016,Total Manufacturing,Other Transport Equipment,16778.7
2016,Total Manufacturing,Furniture,868.9
2016,Total Manufacturing,Other Manufacturing Industries,11910
